{"hmac":"05d028a7a3650fc91c0bca341caf8319","response":{"status":"SUCCESS","message":"","is_black_list":"false","is_active_debt":"false","is_debt_holiday":"false"},"debug_info":{"request_body":"request=%7B%22business-key%22%3A%22abcdef-ghijklmop-qrstuv-wxyz%22%2C%22req_sum%22%3A%2240000.00%22%2C%22req_term%22%3A%2212M%22%2C%22lastname%22%3A%22%D0%98%D0%92%D0%90%D0%9D%D0%9E%D0%92%22%2C%22firstname%22%3A%22%D0%98%D0%92%D0%90%D0%9D%22%2C%22patronimic%22%3A%22%D0%98%D0%92%D0%90%D0%9D%D0%9E%D0%92%D0%98%D0%A7%22%2C%22birthday%22%3A%2201.01.2000%22%2C%22phone_mobile%22%3A%22%2B79111111111%22%2C%22email%22%3A%22ivanov1%40mail.ru%22%2C%22inn%22%3A%2212345678910%22%2C%22gender%22%3A%22M%22%2C%22pass_serial%22%3A%222220%22%2C%22pass_number%22%3A%22000000%22%2C%22pass_issuer%22%3A%22%D0%9C%D0%BE%D1%81%D0%BA%D0%BE%D0%B2%D1%81%D0%BA%D0%B8%D0%BC+%D0%A0%D0%9E%D0%92%D0%94%22%2C%22pass_issuer_code%22%3A%22111-111%22%2C%22pass_issue_date%22%3A%2210.10.2005%22%2C%22birthplace%22%3A%22%D0%9C%D0%BE%D1%81%D0%BA%D0%B2%D0%B0%22%2C%22reg_address%22%3A%22%D0%91%D0%B0%D0%B9%D0%BA%D0%BE%D0%BD%D1%83%D1%80+%D0%B3.%2C+%D1%83%D0%BB.+%D0%B8%D0%BC+%D0%93%D0%B5%D0%BD%D0%B5%D1%80%D0%B0%D0%BB-%D0%BF%D0%BE%D0%BB%D0%BA%D0%BE%D0%B2%D0%BD%D0%B8%D0%BA%D0%B0+%D0%90.%D0%90.%D0%9C%D0%B0%D0%BA%D1%81%D0%B8%D0%BC%D0%BE%D0%B2%D0%B0%2C+%D0%B4.+12%D0%B0%2C+123%22%2C%22fact_address%22%3A%22%D0%91%D0%B0%D0%B9%D0%BA%D0%BE%D0%BD%D1%83%D1%80+%D0%B3.%2C+%D1%83%D0%BB.+%D0%B8%D0%BC+%D0%93%D0%B5%D0%BD%D0%B5%D1%80%D0%B0%D0%BB-%D0%BF%D0%BE%D0%BB%D0%BA%D0%BE%D0%B2%D0%BD%D0%B8%D0%BA%D0%B0+%D0%90.%D0%90.%D0%9C%D0%B0%D0%BA%D1%81%D0%B8%D0%BC%D0%BE%D0%B2%D0%B0%2C+%D0%B4.+12%D0%B0%2C+123%22%2C%22family_status%22%3A%22MARRIED%22%2C%22emloyment_type%22%3A%22EMPLOYED%22%2C%22organization_type%22%3A%22COMMERCIAL_ORGANIZATION%22%2C%22company_occupation%22%3A%22COMMERCE%22%2C%22position_type%22%3A%22MANAGEMENT%22%2C%22last_work_term%22%3A%222Y_AND_MORE%22%2C%22monthly_income%22%3A%2250000.00%22%7D&hmac=a295e12a92f538e54f2e7a6588249416","request_url":"\/api\/v2\/check_client_data","request_method":"POST","post":{"request":"{\"business-key\":\"abcdef-ghijklmop-qrstuv-wxyz\",\"req_sum\":\"40000.00\",\"req_term\":\"12M\",\"lastname\":\"ИВАНОВ\",\"firstname\":\"ИВАН\",\"patronimic\":\"ИВАНОВИЧ\",\"birthday\":\"01.01.2000\",\"phone_mobile\":\"+79111111111\",\"email\":\"ivanov1@mail.ru\",\"inn\":\"12345678910\",\"gender\":\"M\",\"pass_serial\":\"2220\",\"pass_number\":\"000000\",\"pass_issuer\":\"Московским РОВД\",\"pass_issuer_code\":\"111-111\",\"pass_issue_date\":\"10.10.2005\",\"birthplace\":\"Москва\",\"reg_address\":\"Байконур г., ул. им Генерал-полковника А.А.Максимова, д. 12а, 123\",\"fact_address\":\"Байконур г., ул. им Генерал-полковника А.А.Максимова, д. 12а, 123\",\"family_status\":\"MARRIED\",\"emloyment_type\":\"EMPLOYED\",\"organization_type\":\"COMMERCIAL_ORGANIZATION\",\"company_occupation\":\"COMMERCE\",\"position_type\":\"MANAGEMENT\",\"last_work_term\":\"2Y_AND_MORE\",\"monthly_income\":\"50000.00\"}","hmac":"a295e12a92f538e54f2e7a6588249416"},"_request_post":"{\"business-key\":\"abcdef-ghijklmop-qrstuv-wxyz\",\"req_sum\":\"40000.00\",\"req_term\":\"12M\",\"lastname\":\"ИВАНОВ\",\"firstname\":\"ИВАН\",\"patronimic\":\"ИВАНОВИЧ\",\"birthday\":\"01.01.2000\",\"phone_mobile\":\"+79111111111\",\"email\":\"ivanov1@mail.ru\",\"inn\":\"12345678910\",\"gender\":\"M\",\"pass_serial\":\"2220\",\"pass_number\":\"000000\",\"pass_issuer\":\"Московским РОВД\",\"pass_issuer_code\":\"111-111\",\"pass_issue_date\":\"10.10.2005\",\"birthplace\":\"Москва\",\"reg_address\":\"Байконур г., ул. им Генерал-полковника А.А.Максимова, д. 12а, 123\",\"fact_address\":\"Байконур г., ул. им Генерал-полковника А.А.Максимова, д. 12а, 123\",\"family_status\":\"MARRIED\",\"emloyment_type\":\"EMPLOYED\",\"organization_type\":\"COMMERCIAL_ORGANIZATION\",\"company_occupation\":\"COMMERCE\",\"position_type\":\"MANAGEMENT\",\"last_work_term\":\"2Y_AND_MORE\",\"monthly_income\":\"50000.00\"}","_request_body":"request=%7B%22business-key%22%3A%22abcdef-ghijklmop-qrstuv-wxyz%22%2C%22req_sum%22%3A%2240000.00%22%2C%22req_term%22%3A%2212M%22%2C%22lastname%22%3A%22%D0%98%D0%92%D0%90%D0%9D%D0%9E%D0%92%22%2C%22firstname%22%3A%22%D0%98%D0%92%D0%90%D0%9D%22%2C%22patronimic%22%3A%22%D0%98%D0%92%D0%90%D0%9D%D0%9E%D0%92%D0%98%D0%A7%22%2C%22birthday%22%3A%2201.01.2000%22%2C%22phone_mobile%22%3A%22%2B79111111111%22%2C%22email%22%3A%22ivanov1%40mail.ru%22%2C%22inn%22%3A%2212345678910%22%2C%22gender%22%3A%22M%22%2C%22pass_serial%22%3A%222220%22%2C%22pass_number%22%3A%22000000%22%2C%22pass_issuer%22%3A%22%D0%9C%D0%BE%D1%81%D0%BA%D0%BE%D0%B2%D1%81%D0%BA%D0%B8%D0%BC+%D0%A0%D0%9E%D0%92%D0%94%22%2C%22pass_issuer_code%22%3A%22111-111%22%2C%22pass_issue_date%22%3A%2210.10.2005%22%2C%22birthplace%22%3A%22%D0%9C%D0%BE%D1%81%D0%BA%D0%B2%D0%B0%22%2C%22reg_address%22%3A%22%D0%91%D0%B0%D0%B9%D0%BA%D0%BE%D0%BD%D1%83%D1%80+%D0%B3.%2C+%D1%83%D0%BB.+%D0%B8%D0%BC+%D0%93%D0%B5%D0%BD%D0%B5%D1%80%D0%B0%D0%BB-%D0%BF%D0%BE%D0%BB%D0%BA%D0%BE%D0%B2%D0%BD%D0%B8%D0%BA%D0%B0+%D0%90.%D0%90.%D0%9C%D0%B0%D0%BA%D1%81%D0%B8%D0%BC%D0%BE%D0%B2%D0%B0%2C+%D0%B4.+12%D0%B0%2C+123%22%2C%22fact_address%22%3A%22%D0%91%D0%B0%D0%B9%D0%BA%D0%BE%D0%BD%D1%83%D1%80+%D0%B3.%2C+%D1%83%D0%BB.+%D0%B8%D0%BC+%D0%93%D0%B5%D0%BD%D0%B5%D1%80%D0%B0%D0%BB-%D0%BF%D0%BE%D0%BB%D0%BA%D0%BE%D0%B2%D0%BD%D0%B8%D0%BA%D0%B0+%D0%90.%D0%90.%D0%9C%D0%B0%D0%BA%D1%81%D0%B8%D0%BC%D0%BE%D0%B2%D0%B0%2C+%D0%B4.+12%D0%B0%2C+123%22%2C%22family_status%22%3A%22MARRIED%22%2C%22emloyment_type%22%3A%22EMPLOYED%22%2C%22organization_type%22%3A%22COMMERCIAL_ORGANIZATION%22%2C%22company_occupation%22%3A%22COMMERCE%22%2C%22position_type%22%3A%22MANAGEMENT%22%2C%22last_work_term%22%3A%222Y_AND_MORE%22%2C%22monthly_income%22%3A%2250000.00%22%7D&hmac=a295e12a92f538e54f2e7a6588249416","_request":"{\"business-key\":\"abcdef-ghijklmop-qrstuv-wxyz\",\"req_sum\":\"40000.00\",\"req_term\":\"12M\",\"lastname\":\"ИВАНОВ\",\"firstname\":\"ИВАН\",\"patronimic\":\"ИВАНОВИЧ\",\"birthday\":\"01.01.2000\",\"phone_mobile\":\"+79111111111\",\"email\":\"ivanov1@mail.ru\",\"inn\":\"12345678910\",\"gender\":\"M\",\"pass_serial\":\"2220\",\"pass_number\":\"000000\",\"pass_issuer\":\"Московским РОВД\",\"pass_issuer_code\":\"111-111\",\"pass_issue_date\":\"10.10.2005\",\"birthplace\":\"Москва\",\"reg_address\":\"Байконур г., ул. им Генерал-полковника А.А.Максимова, д. 12а, 123\",\"fact_address\":\"Байконур г., ул. им Генерал-полковника А.А.Максимова, д. 12а, 123\",\"family_status\":\"MARRIED\",\"emloyment_type\":\"EMPLOYED\",\"organization_type\":\"COMMERCIAL_ORGANIZATION\",\"company_occupation\":\"COMMERCE\",\"position_type\":\"MANAGEMENT\",\"last_work_term\":\"2Y_AND_MORE\",\"monthly_income\":\"50000.00\"}","hmac":"a295e12a92f538e54f2e7a6588249416","enable_hmac":"1","gen_hmac":"a295e12a92f538e54f2e7a6588249416","current_method":{"title":"Метод проверки заявочных данных","created_on":"2025-09-23T16:19:31.749","method_key":3,"description":"Метод проверки заявочных данных","method_name":"check_client_data","response_type":"eis","html_description":"<pre>\n\tMETHOD: check_client_data - Метод проверки заявочных данных\n\tREQUEST:\n\t{\n\t\t\"business-key\": \"abcdef-ghijklmop-qrstuv-wxyz\", \/\/бизнес-ключ процесса для отправки данных в бек-энд камунды\n\t\t\"req_sum\": \"40000.00\", \/\/сумма займа\n\t\t\"req_term\": \"12M\", \/\/срок займа\n\t\t\"lastname\": \"ИВАНОВ\", \/\/фамилия\n\t\t\"firstname\": \"ИВАН\", \/\/имя\n\t\t\"patronimic\": \"ИВАНОВИЧ\", \/\/отчество\n\t\t\"birthday\": \"01.01.2000\", \/\/дата рождения\n\t\t\"phone_mobile\": \"+79111111111\", \/\/мобильный телефон\n\t\t\"email\": \"ivanov1@mail.ru\", \/\/мобильный телефон\n\t\t\"inn\": \"12345678910\", \/\/инн\n\t\t\"gender\": \"M\", \/\/пол\n\t\t\"pass_serial\": \"2220\", \/\/серия паспорта\n\t\t\"pass_number\": \"000000\", \/\/номер паспорта\n\t\t\"pass_issuer\": \"Московским РОВД\", \/\/кем выдан паспорт\n\t\t\"pass_issuer_code\": \"111-111\", \/\/код подразделения\n\t\t\"pass_issue_date\": \"10.10.2005\", \/\/дата выдачи паспорта\n\t\t\"birthplace\": \"Москва\", \/\/место рождения\n\t\t\"reg_address\": \"Байконур г., ул. им Генерал-полковника А.А.Максимова, д. 12а, 123\",\n\t\t\"fact_address\": \"Байконур г., ул. им Генерал-полковника А.А.Максимова, д. 12а, 123\",\n\t\t\"family_status\": \"MARRIED\", \/\/семейное положение (справочник)\n\t\t\"emloyment_type\": \"EMPLOYED\", \/\/ справочник dic_types_of_income\n\t\t\"organization_type\": \"COMMERCIAL_ORGANIZATION\", \/\/ (справочник)\n\t\t\"company_occupation\": \"COMMERCE\", \/\/ (справочник)\n\t\t\"position_type\": \"MANAGEMENT\", \/\/ (справочник)\n\t\t\"last_work_term\": \"2Y_AND_MORE\", \/\/ (справочник)\n\t\t\"monthly_income\": \"50000.00\" \/\/доход\n\t}\n\n\tHMAC: MD5(REQUEST, PASSWORD)\n\n\tRESPONSE:\n\t{\n\t\t\"response\":\n\t\t{\n\t\t\t\"status\": \"SUCCESS\/FAIL\",\n\t\t\t\"message\": \"\",\n\t\t\t\"is_black_list\": true, \/\/false\n\t\t\t\"is_active_debt\": true, \/\/false\n\t\t\t\"is_debt_holiday\": true \/\/false\n\t\t},\n\t\t\"hmac\": MD5(response, PASSWORD)\n\t}\n<\/pre>\n\n\n\n","request_json_schema":"{\n  \"$schema\": \"http:\/\/json-schema.org\/draft-04\/schema#\",\n  \"type\": \"object\",\n  \"properties\": {\n    \"business-key\": {\n      \"type\": \"string\"\n    },\n    \"req_sum\": {\n      \"type\": \"string\"\n    },\n    \"req_term\": {\n      \"type\": \"string\"\n    },\n    \"lastname\": {\n      \"type\": \"string\"\n    },\n    \"firstname\": {\n      \"type\": \"string\"\n    },\n    \"patronimic\": {\n      \"type\": \"string\"\n    },\n    \"birthday\": {\n      \"type\": \"string\"\n    },\n    \"phone_mobile\": {\n      \"type\": \"string\"\n    },\n    \"email\": {\n      \"type\": \"string\"\n    },\n    \"inn\": {\n      \"type\": \"string\"\n    },\n    \"gender\": {\n      \"type\": \"string\"\n    },\n    \"pass_serial\": {\n      \"type\": \"string\"\n    },\n    \"pass_number\": {\n      \"type\": \"string\"\n    },\n    \"pass_issuer\": {\n      \"type\": \"string\"\n    },\n    \"pass_issuer_code\": {\n      \"type\": \"string\"\n    },\n    \"pass_issue_date\": {\n      \"type\": \"string\"\n    },\n    \"birthplace\": {\n      \"type\": \"string\"\n    },\n    \"reg_address\": {\n      \"type\": \"string\"\n    },\n    \"fact_address\": {\n      \"type\": \"string\"\n    },\n    \"family_status\": {\n      \"type\": \"string\"\n    },\n    \"emloyment_type\": {\n      \"type\": \"string\"\n    },\n    \"organization_type\": {\n      \"type\": \"string\"\n    },\n    \"company_occupation\": {\n      \"type\": \"string\"\n    },\n    \"position_type\": {\n      \"type\": \"string\"\n    },\n    \"last_work_term\": {\n      \"type\": \"string\"\n    },\n    \"monthly_income\": {\n      \"type\": \"string\"\n    }\n  },\n  \"required\": [\n    \"business-key\",\n    \"req_sum\",\n    \"req_term\",\n    \"lastname\",\n    \"firstname\",\n    \"birthday\",\n    \"phone_mobile\",\n    \"gender\",\n    \"pass_serial\",\n    \"pass_number\",\n    \"pass_issuer\",\n    \"pass_issuer_code\",\n    \"pass_issue_date\",\n    \"birthplace\",\n    \"reg_address\",\n    \"fact_address\",\n    \"family_status\",\n    \"emloyment_type\",\n    \"monthly_income\"\n  ]\n}","require_request_body":1,"request_body_must_be_json":1,"test_form__show_file_upload_input":0},"method_request_func_list":[{"type_name":"run","created_on":"2025-09-24T13:19:18.182405","method_key":3,"type_title":"Основная функция, которая выполняется после успешной валидации как основной метод","return_as_run_data":1,"external_connect_key":1,"method_request_func_key":4,"method_request_func_name":"api.parse_request_for_check_client_data","method_request_func_type_key":4}],"external_base_data":{"1":{"db_host":"vd-dbasuz01.vd.ru","db_port":"5432","created_on":"2025-09-24T15:37:10.247353","db_database":"asuz","db_password":"hOtzTb7n%oyLNmKN","db_username":"ois_user","connect_name":"asuz","inner_db_type":"WORK","external_connect_key":1,"external_connect_param_key":3}},"run":{"result":1,"result_str":"OK","response":"{\"is_black_list\": \"false\", \"is_active_debt\": \"false\", \"is_debt_holiday\": \"false\"}"}}}